OTUID,26FP3I,26FP7I,26FP16I,26FP8I,26FP12I,26FP3B,26FP3D,26FP3C,26FP7B,26FP7D,26FP7C,26FP16B,26FP16D,26FP16C,26FP8B,26FP8D,26FP8C,26FP12B,26FP12D,26FP12C,26FP17B,26FP17D,26FP17C,26FP18B,26FP18D,26FP18C,26FP15B,26FP15D,26FP15C,26FP3E4.LA,26FP3E9.7.LA,26FP16E1.2.LA,26FP8E1.2.LA,26FP12E1.3.LA,26FP17E1.2.LA,26FP18E4.8.LA,26FP15E1.3.LA,26FP15E4.6.LA,26FP16E1.2.ME,26FP8E1.ME,26FP12E1.3.ME,26FP17E1.2.ME,26FP18E1.3.ME,26FP15E1.3.ME,26FP16E1.YE,26FP8E1.YE,26FP12E1.3.YE,26FP18E1.YE,26FP3E2.TE,26FP3E3.TE,26FP3E4.TE,26FP7E1.TE,26FP7E2.TE,26FP7E3.TE,26FP16E1.TE,26FP8E1.TE,26FP8E2.TE,26FP12E1.TE,26FP12E2.TE,26FP17E1.TE,26FP17E2.TE,26FP18E1.TE,26FP15E1.TE,26FP15E2.TE,26FP15E3.TE,abun,dominio,phylum,clase,orden,familia,genero,especie,Confidence,taxa
27f2c61858082d5f84b7a3f0a20bb9a5,0,2.605863192,22.22222222,2.071005917,3.64410299,1.321512211,39.65201465,28.02441731,75.79658835,53.90005532,20.28142589,71.3259853,58.67314931,3.673469388,56.06116096,60.20300275,1.765247484,68.40677966,55.0892184,1.677083333,56.28311371,34.84129338,4.940194715,3.427468018,41.02543464,44.86741308,78.70979876,62.58545681,0.997451766,34.25803304,27.20637027,25.2865658,23.11695685,29.01424881,24.38356164,27.48723187,35.61253561,27.40270808,35.00724699,32.30966091,25.49038278,33.82550336,29.71722365,26.64181633,29.99860081,27.72397094,34.69362286,32.36024845,23.07741441,16.54288627,43.61776291,41.32961413,40,34.19937556,37.86103106,29.32330827,22.20064725,28.00594218,45.21791663,36.20847303,21.07058211,37.42207923,24.92329478,22.59401222,29.94168201,31.52529909,d__Bacteria, p__Proteobacteria, c__Gammaproteobacteria, o__Burkholderiales, f__Comamonadaceae, g__Curvibacter, s__Curvibacter_lanceolatus,0.840164182,Curvibacter lanceolatus
387349bbf301de818017a263010277fa,6.666666667,0,0,0.197238659,1.370431894,0.083640013,2.266483516,1.831298557,4.570325072,2.710676747,1.988742964,4.726118904,5.520702635,0.328650941,5.200512727,6.632832875,0.152395466,4.050847458,5.076652425,0,4.428746094,2.632749926,0.50069541,0.241370987,5.835479717,3.500294638,5.679894677,6.215040398,0.050964689,39.33226458,43.53019244,47.48968363,41.87168812,48.61261562,47.42377375,40.74055158,44.55128205,39.53224127,36.70389633,35.81253999,47.2671872,44.16946309,41.99485861,46.68248052,45.43164964,41.77764326,42.18145514,53.57142857,48.90776699,27.96708898,22.07117711,29.59863629,36.50280899,44.17930419,39.61575408,42.73966165,48.55987055,37.65283968,21.16682489,40.01828711,37.93282849,42.53971446,36.96011329,45.91318761,50.04604052,24.05397314,d__Bacteria, p__Proteobacteria, c__Gammaproteobacteria, o__Xanthomonadales, f__Xanthomonadaceae, g__Stenotrophomonas,NA,0.999999569,Stenotrophomonas
1503216a49ab2c5fdd0b75d13cc6b83f,0,0,0,0,0.103820598,0,0.732600733,0.758416574,1.705825555,0.940438871,0.30956848,1.219104876,1.34880803,0.127219719,1.464933162,1.980686544,0.0571483,0.881355932,1.20633325,0.104166667,1.50794729,0.437555621,0.061196106,0.024137099,1.239536381,0.813199764,2.708294151,1.274083282,0.050964689,11.38217049,13.67783676,9.961027052,21.61241484,11.88234314,14.69730446,12.25740552,7.25308642,20.57570306,15.50004263,7.61356366,10.06474957,13.69127517,15.8251928,12.12470349,14.48160067,10.70419693,13.1785848,7.608695652,11.19059785,9.341779525,7.462790617,9.576940958,8.848314607,10.14719001,11.29042587,12.10056391,12.47572816,4.970860473,6.669543454,8.854007924,16.14544193,10.36597627,14.25536937,8.95058531,10.00613874,6.735407596,d__Bacteria, p__Proteobacteria, c__Gammaproteobacteria, o__Xanthomonadales, f__Xanthomonadaceae, g__Stenotrophomonas,NA,0.999999381,Stenotrophomonas
8a573680a1bdcad765a979c0819b7fab,0,0,0,0,0,15.82469053,1.259157509,0.055493896,0.321853878,1.235478517,47.53283302,0.617902472,0.2195734,87.30983302,0.238051639,0.190315077,0.758802426,2.355932203,0.527770797,74.0625,0.149436218,1.283002077,73.84144645,26.59103709,4.032517708,0,1.203686289,2.454940957,31.83836913,0,0,0,0,0,0,0,0,0,0,0,0,0,0,0,0,0,0,0,0,0,0.001742828,0,0,0,0,0,0,0,0,0.007619628,0.011561362,0.03016288,0,0,0,5.753164785,d__Bacteria, p__Campilobacterota, c__Campylobacteria, o__Campylobacterales, f__Helicobacteraceae, g__Helicobacter,NA,0.99999997,Helicobacter
e01ccd749960b04699eef783119e25ae,0,0.325732899,11.11111111,0.098619329,0.49833887,0.426564068,31.98260073,13.55900851,7.740585774,26.75640789,10.1782364,9.118236473,16.82873275,1.749271137,4.330708661,7.781772045,0.511159793,6.813559322,18.19552651,0.864583333,11.2756419,38.92020172,2.525730181,1.062032344,27.47907276,19.52857985,3.554636073,10.47234307,0.458682199,0,0,0,0,0,0,0.005107252,0,0,0,0,0,0,0,0,0,0,0,0,0,0,0,0,0.014044944,0,0,0,0,0,0,0,0,0,0,0.020718947,0,4.372116105,d__Bacteria, p__Proteobacteria, c__Gammaproteobacteria, o__Pseudomonadales, f__Pseudomonadaceae, g__Pseudomonas,NA,0.999976956,Pseudomonas
d486760d6f805ff543544452ff88b539,0,0,0,0,0,0.041820007,2.243589744,1.054384018,0.659800451,1.73335792,0.572232645,0.751503006,1.317440402,0.068910681,0.228895807,0.88108832,0.060323205,0.627118644,1.809499874,0,0.407553322,3.048056956,0.200278164,0.0080457,1.843206697,2.239245728,0.357344367,0.683654444,0,0.034850491,6.98407432,2.235213205,0.482588948,0.824931256,1.104728237,0.786516854,0.937796771,0.113625604,0.093784636,13.37172105,10.95029518,0.083892617,2.28277635,1.314808539,0.069959424,4.045601291,0,0.333850932,0.485436893,29.87476336,0.142911917,0.092980009,0.758426966,1.059322034,0.204931156,0.305451128,0.129449838,2.950519941,0.043151808,0.708625419,1.867159951,1.307058114,0.354024074,0.24862737,0.751995089,1.66420309,d__Bacteria, p__Proteobacteria, c__Gammaproteobacteria, o__Xanthomonadales, f__Xanthomonadaceae, g__Stenotrophomonas, s__Stenotrophomonas_rhizophila,0.926086111,Stenotrophomonas rhizophila
501ef6cc75fb160180e332ba60a60df8,0,0,0,0,0,2.735028438,0.70970696,19.42286349,0.144834245,0.239719712,0,0.868403474,0.2195734,0.084813146,9.494598059,0.070487066,6.429183732,3.627118644,0.92988188,8.791666667,0.081510664,0.07416197,7.043115438,0.144822592,0.595621378,5.456688273,0.282113974,1.274083282,28.82417182,0,0,0,0,0,0,0,0,0,0,0,0,0,0,0,0,0,0,0,0,0,0,0,0,0,0,0,0,0,0,0,0,0,0,0,0,1.500679512,d__Bacteria, p__Proteobacteria, c__Gammaproteobacteria, o__Enterobacterales, f__Hafniaceae, g__Hafnia-Obesumbacterium, s__Hafnia_paralvei,0.719542206,Hafnia paralvei
2cd30e9eda91687ba73dcae76f4f1880,0,0,0,0,0,0,0.091575092,0.129485757,0.965561635,0.313479624,0.037523452,0.46760187,0,0,0.412012452,0.303094382,0.022224339,0.06779661,0.175923599,0,0.135851107,0.2447345,0.005563282,0.064365597,0.378300064,0.15321155,0.11284559,0.559353636,0,0.327594619,1.335434638,1.203576341,1.249053747,4.099658362,4.091913389,1.874361593,3.774928775,1.297225642,3.640549066,2.671145234,1.037897543,1.359060403,3.506426735,2.046763809,0.447740311,5.316787732,0.81118183,0.954968944,2.727388861,0.837337993,0.463592318,2.138540214,1.587078652,1.538804639,0.9285943,3.947368421,1.035598706,1.908353331,5.155778027,3.032612009,3.560899474,0.764126282,2.124144442,4.547808971,0.966850829,1.276179236,d__Bacteria, p__Proteobacteria, c__Alphaproteobacteria, o__Caulobacterales, f__Caulobacteraceae, g__Brevundimonas,NA,0.999890273,Brevundimonas
8b74089f59b28e641f2c8c736707f8b2,0,0,0,0,0,0.083640013,0.297619048,0.610432852,0,0.110639867,2.701688555,0.384101536,0,1.542539094,0.622596594,0.47226334,6.492681843,0.237288136,0,0,0,0.237318303,0,56.5532223,0.257566001,0.577489688,0.075230393,0,0,0,0,0,0,0,0.017675652,0,0.094966762,0,0,0,0,0,0,0,0,0,0,0,0,0,0,0,0.028089888,0,0,0,0,0,0,0,0,0,0,0,0,1.098416152,d__Bacteria, p__Proteobacteria, c__Gammaproteobacteria, o__Enterobacterales, f__Enterobacteriaceae, g__Salmonella,NA,0.717139406,Salmonella
3638f2062c305c79df283ef573a10b97,0,0,0,0,0.446428571,0,0,0,0,0,0,0,0,0,0,0,0,0,0,0,0,0,0,0,0,0,0,0,0,3.666271694,0.041473125,0.080238423,0.028387585,0.058328473,0.044189129,5.194075587,0,0.047344002,0,0,0,0.05033557,0,0,0,0,0,0,3.129790496,5.934177953,12.57799156,3.176816984,1.83988764,0.624442462,0.749279539,2.302631579,3.867313916,4.705747915,5.787520497,2.743066138,6.647783109,0.723909109,2.218550861,3.967678442,0.583179865,1.095951388,d__Bacteria, p__Proteobacteria, c__Gammaproteobacteria, o__Burkholderiales, f__Burkholderiaceae, g__Ralstonia,NA,0.999999961,Ralstonia
c41af3ba7aeabdb1886cf01eddb79139,0,0.651465798,0,0.197238659,0,0.016728003,0.366300366,0.332963374,0.675893145,0.405679513,0.103189493,0.768203073,0.470514429,0.026504108,0.329609962,0.620286177,0.02857415,0.271186441,0.477506911,0,0.638500204,0.133491546,0.016689847,0.016091399,0.668061816,0.388921626,0.620650743,0.186451212,0.036403349,0.773680909,1.766755143,2.223750573,0.539364118,1.133238897,2.32434821,0.566905005,1.270180437,2.338793675,3.05226362,2.207293666,1.009331556,1.946308725,1.706940874,3.517451711,2.868336365,1.10976594,0.623986023,1.824534161,1.55850792,0.859181593,0.472306459,1.689136836,3.188202247,1.995985727,1.050272174,1.503759398,2.799352751,0.212547137,1.230689566,1.485827492,2.491473496,1.54836115,0.826056172,3.138920543,1.672805402,1.061134169,d__Bacteria, p__Proteobacteria, c__Alphaproteobacteria, o__Sphingomonadales, f__Sphingomonadaceae, g__Sphingobium, s__Sphingobium_yanoikuyae,0.834031366,Sphingobium yanoikuyae
121f609e699b002cce9c9deca1661d0c,0,0,0,0,0,0.066912011,8.768315018,2.460229375,1.689732861,4.775954269,2.467166979,1.419505678,4.328732748,0.344553406,1.474088995,1.670543455,0.088897355,1.389830508,4.423221915,0.104166667,2.160032604,7.497775141,0.650904033,0.160913991,6.213779781,4.643488509,1.072033101,2.268489745,0.080087368,0,0,0,0,0,0,0,0,0,0,0,0,0,0,0,0,0,0,0,0,0,0,0,0,0,0,0,0,0,0,0,0,0,0,0,0,0.926451623,d__Bacteria, p__Proteobacteria, c__Gammaproteobacteria, o__Burkholderiales, f__Comamonadaceae, g__Variovorax,NA,0.957410272,Variovorax
71fd06bf8c25e42ed875df9c9ed704f7,0,0,0,0,0,0.016728003,0.183150183,0.055493896,0.354039266,0.129079845,0.103189493,0,0.392095358,0.005300822,0.338765794,0.211461197,0,0.169491525,0.150791656,0.010416667,0.040755332,0.037080985,0.038942976,0.032182798,0.338055377,0.082498527,0.037615197,0.372902424,0,1.045514742,1.161247512,0.469967905,3.851249054,1.591534039,0.724701723,1.08784474,1.875593542,0.823785626,3.111944752,2.255278311,0.828413635,1.644295302,0.791773779,0.853947814,2.14075836,1.594027441,1.722201423,1.545031056,2.931783342,3.436726373,0.413050298,1.472183481,1.43258427,1.650312221,2.913864874,1.856203008,2.459546926,0.669637756,0.09666005,1.836330387,0.988496445,1.116026543,1.321689875,1.916502642,1.335174954,0.9240911,d__Bacteria, p__Proteobacteria, c__Alphaproteobacteria, o__Caulobacterales, f__Caulobacteraceae, g__Brevundimonas, s__Brevundimonas_diminuta,0.85295908,Brevundimonas diminuta
6c2a9a5a94270ee454cfb2dea1d31449,0,0,0,0,0.041528239,1.212780194,0.251831502,13.1890492,0.064370776,0.221279734,0,0.41750167,0.1097867,0.026504108,8.908624794,0.070487066,4.994126425,2.559322034,0.175923599,8.229166667,0,0.022248591,2.386648122,0.096548395,0.193174501,4.926340601,0,0.714729646,10.1565344,0,0,0,0,0,0,0,0,0,0,0,0,0,0,0,0,0,0,0,0,0,0,0,0,0,0,0,0,0,0,0,0.005780681,0,0,0,0,0.907296733,d__Bacteria, p__Proteobacteria, c__Gammaproteobacteria, o__Enterobacterales, f__Hafniaceae, g__Hafnia-Obesumbacterium,NA,0.967018846,Hafnia
f5e1f594ff715b36616235640cc14e71,0,0,0,0,0,0,1.03021978,0.869404366,1.738010943,1.309238429,0.403377111,1.536406146,1.552697616,0.116618076,1.236037356,1.593007683,0,1.711864407,1.834631817,0,1.399266404,0.95668941,0.150208623,0,0.933676755,1.131408368,2.012413015,1.678060907,0,0.913082874,0.45620438,0.561668959,0.558289175,0.724939588,0.592134335,0.663942799,0.807217474,0.653347221,0.801432347,0.863723608,0.676061703,0.805369128,0.791773779,0.521856998,0.657618581,0.63559322,0.998377636,0.73757764,0.581246806,0.364059997,1.049182614,0.805826747,0.800561798,0.791703836,0.851745117,0.845864662,0.453074434,0.626214147,1.02528696,0.967692777,0.531822649,0.874723507,0.519235308,0.621568424,0.828729282,0.756184426,d__Bacteria, p__Proteobacteria, c__Gammaproteobacteria, o__Burkholderiales, f__Comamonadaceae, g__Curvibacter, s__Curvibacter_lanceolatus,0.910805186,Curvibacter lanceolatus
900df8f4333124df384db9012a905941,0,0,0,0,0,0.552024088,0.114468864,8.509064003,0.064370776,0.184399779,0.018761726,0.400801603,0.1097867,0.03180493,4.944149423,0.056389652,4.041654761,2.06779661,0.552902739,5.479166667,0.067925554,0.037080985,2.342141864,0.072411296,0.128783001,3.712433707,0.094037991,0.528278434,9.544958136,0,0,0,0,0,0,0,0,0,0,0,0,0,0,0,0,0,0,0,0,0,0,0,0,0,0,0,0,0,0,0,0,0,0,0,0,0.671624512,d__Bacteria, p__Proteobacteria, c__Gammaproteobacteria, o__Enterobacterales, f__Hafniaceae, g__Hafnia-Obesumbacterium,NA,0.997517566,Hafnia
d1316b26e5350da36e6456499ecdfe18,40,0,0,0,0,0,0,0,0,0,0,0,0,0,0,0,0,0,0,0,0,0,0,0,0,0,0,0,0,0,0,0,0,0,0,0,0,0,0,0,0,0,0,0,0,0,0,0,0,0,0,0,0,0,0,0,0,0,0,0,0,0,0,0,0,0.615384615,d__Bacteria, p__Actinobacteriota, c__Actinobacteria, o__Micrococcales, f__Micrococcaceae,NA,NA,0.999999884,Micrococcaceae
50783b17903a12721e6d0c0748d1626f,0,0,0,0,0,0,5.952380952,1.720310766,0.74026392,2.895076526,1.303939962,0.78490314,1.866373902,0.222634508,1.300128182,0.916331853,0.076197733,1.084745763,2.638853983,0.072916667,2.160032604,5.695639276,0.272600834,0.144822592,4.104958146,3.759575722,0.639458341,0.839030454,0.072806698,0,0,0,0,0,0,0,0,0,0,0,0,0,0,0,0,0,0,0,0,0,0,0,0,0,0,0,0,0,0,0,0,0,0,0,0,0.60406127,d__Bacteria, p__Proteobacteria, c__Gammaproteobacteria, o__Xanthomonadales, f__Xanthomonadaceae, g__Stenotrophomonas, s__Stenotrophomonas_rhizophila,0.938424661,Stenotrophomonas rhizophila
dbc7407c0c194353c292d8aa95922b3a,0,0,0,0,0.799418605,0,0.114468864,0.721420644,0.981654329,0.497879403,0.168855535,2.237808951,1.035131744,0.021203287,0.576817433,0.126876718,0.050798489,0.559322034,0.628298567,0,0.774351311,0.304064076,0.027816412,0.032182798,0.338055377,0.377136123,0.846341922,0.403977626,0.021842009,2.251341744,0.298606503,0.206327373,0.984102952,0.299975002,0.132567388,0.173646578,0.356125356,0.066281602,0.571233694,1.423544466,0.637973719,0.38590604,0.318766067,0.860725178,0.839513082,0.564971751,0.761262948,0.093167702,0.36407767,0.174748799,0.98295514,1.859600186,2.148876404,1.215432649,0.268972142,0.211466165,0.809061489,1.940349674,1.660481574,0.761962816,0.254349962,0.25135733,0.283219259,0.24862737,0.73664825,0.569906897,d__Bacteria, p__Proteobacteria, c__Gammaproteobacteria, o__Pseudomonadales, f__Moraxellaceae, g__Acinetobacter,NA,0.999999954,Acinetobacter
538a70646ffd175cea2685f78bc317cb,0,0,0,0,0,0.142188023,0.091575092,1.128375879,0,0.055319934,6.81988743,0.217100868,0.047051443,3.053273257,0.40285662,0.599140058,12.66469823,0.06779661,0.703694396,0,0,0.051913379,0.022253129,0.498833374,0.217321314,1.41426046,0.150460786,0.559353636,0.116490717,0,0,0,0,0,0,0,0,0,0,0,0,0,0,0,0,0,0,0,0,0,0,0,0,0,0,0,0,0,0,0,0,0,0,0,0,0.446520687,d__Bacteria, p__Proteobacteria, c__Gammaproteobacteria, o__Enterobacterales, f__Enterobacteriaceae,NA,NA,0.99397368,Enterobacteriaceae
fb75fa1fac5ad54c9d64c653e50a7126,0,0,5.555555556,0,0,0,0,0,0,0,0,0,0,0,0,0,0,0,0,0,0,0,0,0,0,0,0,0,0,0.766710811,0,0,0,0,0,0.929519918,0,0,0,0,0,0.025167785,0,0,0,0,0,0,1.366888094,0.604339595,0.751158981,2.820393615,0.926966292,0.278768956,0.160102466,1.95018797,0.469255663,2.79510913,1.102960214,0.716245047,1.26018845,0.130705811,1.014869011,3.397907386,0.061387354,0.416682894,d__Bacteria, p__Proteobacteria, c__Alphaproteobacteria, o__Rhizobiales, f__Xanthobacteraceae, g__Bradyrhizobium,NA,0.991587998,Bradyrhizobium
704a7ba7063fad77926b08bd2d1154f7,26.66666667,0,0,0,0,0,0,0,0,0,0,0,0,0,0,0,0,0,0,0,0,0,0,0,0,0,0,0,0,0,0,0,0,0,0,0,0,0,0,0,0,0,0,0,0,0,0,0,0,0,0,0,0,0,0,0,0,0,0,0,0,0,0,0,0,0.41025641,d__Bacteria, p__Actinobacteriota, c__Actinobacteria, o__Micrococcales, f__Micrococcaceae, g__Arthrobacter, s__Arthrobacter_psychrochitiniphilus,0.76585959,Arthrobacter
a16986411ff8c5714b2ba245262b5f95,0,7.491856678,0,2.662721893,10.70390365,5.06022081,0.206043956,0.092489826,0,0,0,0,0,0,0,0,0.053973394,0,0.100527771,0,0,0.022248591,0.011126565,0,0,0,0,0,0,0,0,0,0,0,0,0,0.094966762,0,0,0,0,0,0,0,0,0,0,0,0,0,0,0,0,0,0,0,0,0,0,0,0,0,0,0,0,0.407693537,d__Bacteria, p__Firmicutes, c__Clostridia, o__Lachnospirales, f__Lachnospiraceae,NA,NA,0.999999898,Lachnospiraceae
a4cd6152db4ba6371bd3d35fcda62a19,0,0,5.555555556,0,0,0,0,0,0,0,0,0,0,0,0,0,0,0,0,0,0,0,0,0,0,0,0,0,0,0,0,3.782668501,0.028387585,0,0.017675652,0.025536261,0,0.0094688,0,0,0.019043992,0,0,1.884107082,0,0,0,0,0,0,0.01045697,0,0,0,0.038424592,0,0,0,0,0,0,0,14.37337739,0,0,0.396072344,d__Bacteria, p__Firmicutes, c__Bacilli, o__Lactobacillales, f__Streptococcaceae, g__Streptococcus,NA,0.999999999,Streptococcus
4127ed1a1e8f9dac46c2895299b26505,0,0,0,0.295857988,0,0.058548009,0.297619048,0,0.048278082,0,0.028142589,0.36740147,0.031367629,0.058309038,0,0,0.374638854,0.152542373,0,0.166666667,0,0.022248591,4.344923505,0,0.03219575,0,0.094037991,0.341827222,17.21878413,0,0,0,0,0,0,0,0,0,0,0,0,0,0,0,0,0,0,0,0,0,0,0,0,0,0,0,0,0,0,0,0,0,0,0,0,0.368205984,d__Bacteria, p__Proteobacteria, c__Gammaproteobacteria, o__Enterobacterales, f__Hafniaceae, g__Hafnia-Obesumbacterium,NA,0.998599018,Hafnia
5b417a0a0068c9b6e23752143b558bc4,0,0,0,22.18934911,0.114202658,0,0,0,0,0,0,0,0,0,0,0,0,0,0,0,0,0,0,0,0,0,0,0,0,0,0,0,0,0,0,0,0,0,0,0,0,0,0,0,0,0,0,0,0,0,0,0,0,0,0,0,0,0,0,0,0,0,0,0,0,0.343131566,d__Bacteria, p__Proteobacteria, c__Gammaproteobacteria, o__Pseudomonadales, f__Pseudomonadaceae, g__Pseudomonas,NA,0.999994102,Pseudomonas
624dc58635783ceefa5d9a3803dd82bb,0,0,22.22222222,0,0,0,0,0,0,0,0,0,0,0,0,0,0,0,0,0,0,0,0,0,0,0,0,0,0,0,0,0,0,0,0,0,0,0,0,0,0,0,0,0,0,0,0,0,0,0,0,0,0,0,0,0,0,0,0,0,0,0,0,0,0,0.341880342,d__Bacteria, p__Proteobacteria, c__Gammaproteobacteria, o__Enterobacterales, f__Morganellaceae, g__Buchnera,NA,1,Buchnera
81b50cbc69b355d6a2207d370e9634c5,0,0.325732899,0,21.10453649,0.01038206,0,0,0,0,0,0,0,0,0,0,0,0,0,0,0,0,0,0,0,0,0,0,0,0,0,0,0,0,0,0,0,0,0,0,0,0,0,0,0,0,0,0,0,0,0,0,0,0.056179775,0,0,0,0,0,0,0,0,0,0,0,0,0.33072048,d__Bacteria, p__Proteobacteria, c__Gammaproteobacteria, o__Pseudomonadales, f__Pseudomonadaceae, g__Pseudomonas,NA,0.999997499,Pseudomonas
7e7fec82e008acf6fc9c17fca7bfd6cd,6.666666667,4.560260586,0,1.183431953,7.537375415,0,0,0,0,0,0,0,0,0,0,0,0,0,0,0,0,0,0,0,0,0,0,0,0,0,0,0,0,0,0,0,0,0,0,0,0,0,0,0,0,0,0,0,0,0,0,0,0,0,0,0,0,0,0,0,0,0,0,0,0,0.306888225,d__Bacteria, p__Firmicutes, c__Clostridia, o__Lachnospirales, f__Lachnospiraceae,NA,NA,0.999993886,Lachnospiraceae
3f67a91935b42e830c4767d481c816ad,0,0,0,0,0.02076412,0.008364001,0.022893773,0.240473548,0,0,0,0.851703407,0.1097867,0,0.5676616,0,0,0,0,0,17.00855862,0.037080985,0.011126565,0,0,0,0,0,0,0,0,0,0,0,0,0,0,0,0,0,0,0,0,0,0,0,0,0,0,0,0,0,0,0,0,0,0,0,0,0,0,0,0,0,0,0.290437128,d__Bacteria, p__Campilobacterota, c__Campylobacteria, o__Campylobacterales, f__Helicobacteraceae, g__Helicobacter, s__Helicobacter_rappini,0.809307762,Helicobacter rappini
7ad1698be3b7c7215f6e4444613cf25c,0,0,0,0,0,0.083640013,0,0.499445061,0,0,0.065666041,0.167000668,0,0,0.366233291,5.053922605,9.470743245,0,0.201055542,0,0,0,0,0.120685494,0.225370251,0.235710077,0.056422795,0.435052828,0,0,0,0,0,0,0,0,0,0,0,0,0,0,0,0,0,0,0,0,0,0,0,0,0,0,0,0,0,0,0,0,0,0,0,0,0,0.261245352,d__Bacteria, p__Proteobacteria, c__Gammaproteobacteria, o__Enterobacterales, f__Enterobacteriaceae,NA,NA,0.999358401,Enterobacteriaceae
93748089c423ec10e70acff1aa967138,0,0,0,0,0,15.57377049,0.389194139,0,0.112648857,0,0.018761726,0,0,0,0,0,0.034923961,0,0,0,0.067925554,0.07416197,0,0,0,0,0,0,0,0,0,0,0,0,0,0,0.083095916,0,0,0,0,0,0,0,0,0,0,0,0,0,0,0,0,0,0,0,0,0,0,0,0,0,0,0,0,0.251607425,d__Bacteria, p__Firmicutes, c__Clostridia, o__Lachnospirales, f__Lachnospiraceae,NA,NA,0.999999819,Lachnospiraceae
31de3d22f5b19325735267725f1f49e8,6.666666667,1.954397394,0,1.282051282,1.692275748,2.459016393,0.114468864,0.03699593,0.048278082,0,0.140712946,0,0.015683814,0,0,0,0.066673016,0,0,0,0,0.037080985,0,0,0.241468126,0.047142015,0,0,0,0,0,0,0,0,0,0,0.094966762,0,0,0,0,0,0,0,0,0,0,0,0,0,0,0,0,0,0,0,0,0,0,0,0,0,0,0,0,0.229198123,d__Bacteria, p__Firmicutes, c__Clostridia, o__Lachnospirales, f__Lachnospiraceae, g__Lachnoclostridium,NA,0.918406919,Lachnoclostridium
1d2c06f141cd8e2820c0220ffac2e557,0,4.560260586,0,0.986193294,9.323089701,0.025092004,0,0,0,0,0,0,0,0,0,0,0,0,0,0,0,0,0,0,0,0,0,0,0,0,0,0,0,0,0,0,0,0,0,0,0,0,0,0,0,0,0,0,0,0,0,0,0,0,0,0,0,0,0,0,0,0,0,0,0,0.22914824,d__Bacteria, p__Firmicutes, c__Clostridia, o__Lachnospirales, f__Lachnospiraceae,NA,NA,0.999998761,Lachnospiraceae
abc20d011da8d413cc9ccaf5aa0fda44,0,0,0,0,0,0.167280027,0.457875458,0.721420644,0,0,0,0.066800267,0,0,0.146493316,0.549799112,10.62640886,0.186440678,0.65343051,0,0,0,0,0.072411296,0.402446877,0.212139069,0,0.124300808,0,0,0,0,0,0,0,0,0,0,0,0,0,0,0,0,0,0,0,0,0,0,0,0,0,0,0,0,0,0,0,0,0,0,0,0,0,0.22134226,d__Bacteria, p__Firmicutes, c__Bacilli, o__Lactobacillales, f__Enterococcaceae, g__Enterococcus,NA,0.999728102,Enterococcus
45823aed0f507b73a601876d4a4f45e7,0,1.628664495,11.11111111,0,0.134966777,0,0,0,0,0,0,0,0,0,0,0,0,0,0,0,0,0,0,0,0,0,0,0,0,0,0,0,0,0,0,0,0,0,0,0,0,0,0,0,0,0,0,0,0,0,0,0,0,0,0,0,0,0,0,0,0,0,0,0,0,0.19807296,d__Bacteria, p__Proteobacteria, c__Alphaproteobacteria, o__Sphingomonadales, f__Sphingomonadaceae, g__Sphingomonas,NA,0.999953437,Sphingomonas
892a20bbdc3ce599dc0c5d9f0866c352,0,0,0,0,0,0.075276012,0.251831502,0.665926748,0,0,0.196998124,0.100200401,0,0,0.183116645,0.169168957,9.7882338,0.152542373,0.100527771,0.03125,0,0,0,0.056319897,0.144880876,0.542133176,0.037615197,0.186451212,0.036403349,0,0,0,0,0,0,0,0,0,0,0,0,0,0,0,0,0,0,0,0,0,0,0,0,0,0,0,0,0,0,0,0,0,0,0,0,0.195675016,d__Bacteria, p__Firmicutes, c__Bacilli, o__Lactobacillales, f__Enterococcaceae, g__Enterococcus,NA,0.999870452,Enterococcus
a432e94e2c90a5fea2ad2c9254862f9c,0,0.325732899,11.11111111,0,0.051910299,0,0,0,0,0,0,0,0,0,0,0,0,0,0,0,0,0,0,0,0,0,0,0,0,0,0,0,0,0,0,0,0,0,0,0,0,0,0,0,0,0,0,0,0,0,0,0,0,0,0,0,0,0,0,0,0,0,0,0,0,0.176750066,d__Bacteria, p__Bacteroidota, c__Bacteroidia, o__Bacteroidales, f__Bacteroidaceae, g__Bacteroides,NA,0.999999917,Bacteroides
e289fe9035a3575d3f1ab134e5810ee5,0,6.51465798,0,4.733727811,0.176495017,0.016728003,0,0,0,0,0,0,0,0,0,0,0,0,0,0,0,0,0,0,0,0,0,0,0,0,0,0,0,0,0,0,0,0,0,0,0,0,0,0,0,0,0,0,0,0,0,0,0,0,0,0,0,0,0,0,0,0,0,0,0,0.176024751,d__Bacteria, p__Firmicutes, c__Clostridia, o__Lachnospirales, f__Lachnospiraceae, g__Roseburia,NA,0.874601952,Roseburia
01993aba463e74b6c31b2cebdc8f5ff1,0,3.25732899,0,1.873767258,4.744601329,0.953496153,0,0,0,0,0,0,0,0,0,0,0.009524717,0,0,0,0,0.007416197,0,0,0,0,0,0,0,0,0,0,0,0,0,0,0,0,0,0,0,0,0,0,0,0,0,0,0,0,0,0,0,0,0,0,0,0,0,0,0,0,0,0,0,0.16686361,d__Bacteria, p__Firmicutes, c__Clostridia, o__Lachnospirales, f__Lachnospiraceae,NA,NA,0.999999983,Lachnospiraceae
929805da29bce3a9838d81700d0a5770,0,2.931596091,0,2.465483235,2.180232558,2.308464369,0.114468864,0.073991861,0.064370776,0,0,0,0,0,0,0.049340946,0.120646411,0.084745763,0.150791656,0,0,0.07416197,0.050069541,0,0,0.011785504,0,0.062150404,0,0,0,0,0,0,0.008837826,0,0.011870845,0,0,0,0,0,0,0,0,0,0,0,0,0,0,0,0.014044944,0,0,0,0,0,0,0,0.005780681,0,0,0,0,0.165889758,d__Bacteria, p__Firmicutes, c__Clostridia, o__Lachnospirales, f__Lachnospiraceae, g__Hungatella, s__uncultured_bacterium,0.797543792,Hungatella
35b32c5b595ab6e61729e43956d92063,0,0,0,0,0,0.041820007,0,0.03699593,0,0.147519823,0,0.217100868,0,0,0.027467497,3.390427856,5.749753945,0,0.226187484,0,0,0,0,0.104594094,0.128783001,0.106069534,0.037615197,0.15537601,0,0,0,0,0,0,0,0,0,0,0,0,0,0,0,0,0,0,0,0,0,0,0,0,0,0,0,0,0,0,0,0,0,0,0,0,0,0.159534019,d__Bacteria, p__Proteobacteria, c__Gammaproteobacteria, o__Enterobacterales, f__Enterobacteriaceae,NA,NA,0.991011517,Enterobacteriaceae
964337ce2b3845c6b76d152efdcdafd3,0,0,0,0,0,0,0.389194139,0,0.531058899,0.442559469,0.140712946,0.016700067,0.266624843,0,0.064090826,0.070487066,0,0.305084746,0.201055542,0.010416667,0.529819318,0.296647879,0.011126565,0,0.048293625,0.047142015,0.263306376,0.248601616,0,0.334564717,0.223954877,0.240715268,0.227100681,0.258311807,0.053026955,0.291113381,0.367996201,0.340876811,0.08525876,0.079974408,0,0.083892617,0.061696658,0.027109454,0.23786204,0.050443906,0.311993011,0.279503106,0.127746551,0.087374399,0.367736763,0.557880056,0.084269663,0.078055308,0.096061479,0.352443609,0.129449838,0.041138156,0.110468629,0.08381591,0.040464767,0.100542932,0.09440642,0.113954211,0.153468386,0.154732221,d__Bacteria, p__Proteobacteria, c__Gammaproteobacteria, o__Burkholderiales, f__Comamonadaceae, g__Curvibacter,NA,0.85896409,Curvibacter
8edd3c96e1201a6d99272f35ce2c164f,0,0,0,0,0,0,0,0,0,0,0,0,0,0,0,0,0,0,0,0,0,0,0,10.02494167,0,0,0,0,0,0,0,0,0,0,0,0,0,0,0,0,0,0,0,0,0,0,0,0,0,0,0,0,0,0,0,0,0,0,0,0,0,0,0,0,0,0.154229872,d__Bacteria, p__Proteobacteria, c__Gammaproteobacteria, o__Enterobacterales, f__Enterobacteriaceae,NA,NA,0.997875385,Enterobacteriaceae
b24aadee9a22976aeff52f5c5b8dd79f,0,0,0,0.295857988,0.166112957,0,0.068681319,0,0,0,0,0,0,0,0.054934994,0,0,0,0,0,0,0,0,0,0.016097875,0,0,0,0,0.320624521,0,0,0,0,0,0.250255363,0,0,0,0,0,0,0,0,0,0,0,0,0.140521206,0.203873598,0.883613929,0.123973346,0.266853933,0.078055308,0.038424592,0,0.453074434,1.8854988,1.498230776,0.20572996,2.358517833,0.160868691,0.141609629,0.238267896,0.015346839,0.151769627,d__Bacteria, p__Proteobacteria, c__Alphaproteobacteria, o__Rhizobiales, f__Beijerinckiaceae, g__Bosea,NA,0.999998692,Bosea
1d8eda17e4b4d72b85604a74213817cc,0,0,0,0,0,0.058548009,0,0.092489826,0,0,0.028142589,0.133600534,0,0,0.036623329,3.425671389,5.584658856,0,0.075395828,0,0,0,0,0.072411296,0.048293625,0.058927519,0.037615197,0,0,0,0,0,0,0,0,0,0,0,0,0,0,0,0,0,0,0,0,0,0,0,0,0,0,0,0,0,0,0,0,0,0,0,0,0,0,0.148498123,d__Bacteria, p__Proteobacteria, c__Gammaproteobacteria, o__Enterobacterales, f__Enterobacteriaceae, g__Citrobacter,NA,0.797571078,Citrobacter
4c52a8029625903bb8c4aa9b40216836,0,0,0,0,0,0.066912011,0,0.092489826,0,0,0,0.0501002,0,0,0.036623329,0.042292239,8.677016859,0,0,0,0,0,0,0.048274197,0.0643915,0.176782557,0,0.186451212,0,0,0,0,0,0,0,0,0,0,0,0,0,0,0,0,0,0,0,0,0,0,0,0,0,0,0,0,0,0,0,0,0,0,0,0,0,0.145251291,d__Bacteria, p__Firmicutes, c__Clostridia, o__Peptostreptococcales-Tissierellales, f__Peptostreptococcaceae, g__Paeniclostridium,NA,0.924636739,Paeniclostridium
d464eee613ac4395c8f6ce3943a0f841,0,2.280130293,0,1.183431953,5.554401993,0,0,0,0,0,0,0,0,0,0,0,0,0,0,0,0,0,0,0,0,0,0,0,0,0,0,0,0,0,0,0,0,0,0,0,0,0,0,0,0,0,0,0,0,0,0,0,0,0,0,0,0,0,0,0,0,0,0,0,0,0.138737911,d__Bacteria, p__Firmicutes, c__Clostridia, o__Lachnospirales, f__Lachnospiraceae,NA,NA,0.999996244,Lachnospiraceae
9cce6aabbfd925399bf1111383f9d0a5,0,0,0,0,0.155730897,0,0,0.073991861,0,0,0,0.033400134,0.031367629,0,0.128181652,0,0.019049433,0.033898305,0.150791656,0,0,0.022248591,0,0,0.144880876,0.011785504,0.169268384,0.15537601,0,0.090611278,0.01658925,0.034387895,0.009462528,0,0,1.098059244,0,0.113625604,0,0.079974408,0.028565987,0.083892617,0.195372751,0,0.125926962,0,0.037439161,0,0.319366377,0.182029999,0.074941615,1.797613513,0.126404494,0.223015165,0.134486071,0,0,1.085590218,1.327349616,0.144772935,0,0.412226021,0,0,0.046040516,0.137195618,d__Bacteria, p__Proteobacteria, c__Gammaproteobacteria, o__Pseudomonadales, f__Moraxellaceae, g__Acinetobacter, s__Acinetobacter_schindleri,0.932318372,Acinetobacter schindleri
55edc0af8b8f176ac911f5e3ec0b4412,0,4.885993485,0,0.788954635,1.702657807,0,0,0,0,0,0,0,0,0,0,0,0,0,0,0,0,0,0,0,0,0,0,0,0,0,0,0,0,0,0,0,0,0,0,0,0,0,0,0,0,0,0,0,0,0,0,0,0,0,0,0,0,0,0,0,0,0,0,0,0,0.11350163,d__Bacteria, p__Firmicutes, c__Clostridia, o__Lachnospirales, f__Lachnospiraceae, g__Hungatella,NA,0.969754709,Hungatella
9476516f65cf170c1de18452b2feb370,0,0.651465798,0,0.788954635,1.01744186,4.692204751,0,0,0.048278082,0,0.046904315,0,0,0,0,0,0,0,0,0,0.013585111,0,0,0,0,0,0,0.062150404,0.00728067,0,0,0,0,0,0,0,0.047483381,0,0,0,0,0,0,0,0,0,0,0,0,0,0,0,0,0,0,0,0,0,0,0,0,0,0,0,0,0.113473062,d__Bacteria, p__Firmicutes, c__Bacilli, o__Erysipelotrichales, f__Erysipelotrichaceae, g__Faecalitalea, s__uncultured_bacterium,0.987357565,Faecalitalea
5fb7c6b19a45a204ddd98968f3ae6d58,0,0,0,0,0,0.033456005,0,0.443951165,0,0,2.711069418,0.083500334,0,0.816326531,0,0.437019807,2.625646887,0,0.075395828,0,0,0,0.011126565,0,0,0.106069534,0,0,0.029122679,0,0,0,0,0,0,0,0,0,0,0,0,0,0,0,0,0,0,0,0,0,0,0,0,0,0,0,0,0,0,0,0,0,0,0,0,0.113425919,d__Bacteria, p__Proteobacteria, c__Gammaproteobacteria, o__Enterobacterales, f__Enterobacteriaceae,NA,NA,0.997226304,Enterobacteriaceae
cdd34c161813f6bb82f0815a945f8bce,0,1.954397394,0,1.183431953,3.65448505,0.200736032,0,0,0,0,0,0,0,0,0,0,0.015874528,0,0,0,0,0.192821121,0.011126565,0,0.09658725,0,0,0,0,0,0,0,0,0,0,0,0,0,0,0,0,0,0,0,0,0,0,0,0,0,0,0,0,0,0,0,0,0,0,0,0,0,0,0,0,0.112453229,d__Bacteria, p__Firmicutes, c__Clostridia, o__Lachnospirales, f__Lachnospiraceae,NA,NA,0.999999922,Lachnospiraceae
79ccfd396400783e977cb8734e221445,6.666666667,0,0,0,0,0,0,0,0,0,0,0,0,0,0,0,0,0,0,0,0,0,0,0,0,0,0,0,0,0.027880393,0,0,0,0,0,0.045965271,0,0,0,0,0,0,0,0,0,0,0,0,0.019161983,0,0.012199798,0.092980009,0.056179775,0.011150758,0.006404099,0.070488722,0.080906149,0,0.003452145,0.045717769,0.017342043,0.010054293,0,0.010359474,0,0.11041399,d__Bacteria, p__Bacteroidota, c__Bacteroidia, o__Chitinophagales, f__Chitinophagaceae, g__Vibrionimonas,NA,0.737170803,Vibrionimonas
071c6331257e5c2840dc073af3f1139e,0,2.931596091,0,0.394477318,3.571428571,0.050184008,0,0,0,0,0,0,0,0,0,0,0,0,0,0,0,0,0,0,0,0,0,0,0,0,0,0,0,0,0,0,0,0,0,0,0,0,0,0,0,0,0,0,0,0,0,0,0,0,0,0,0,0,0,0,0,0,0,0,0,0.106887477,d__Bacteria, p__Firmicutes, c__Clostridia, o__Lachnospirales, f__Lachnospiraceae,NA,NA,0.999998687,Lachnospiraceae